{"cameraMode":{"drawMode":0,"name":"Shaded","section":"Shading Mode"},"sceneLighting":true,"audioPlay":false,"sceneViewState":{"m_AlwaysRefresh":false,"showFog":true,"showSkybox":true,"showFlares":true,"showImageEffects":true,"showParticleSystems":true,"showVisualEffectGraphs":true,"m_FxEnabled":true},"in2DMode":false,"pivot":{"x":-1.7731382846832276,"y":-1.162845492362976,"z":-0.6399770975112915},"rotation":{"x":0.17937271296977998,"y":0.43800094723701479,"z":-0.08965227752923966,"w":0.8763262033462524},"size":4.204833507537842,"orthographic":true}